{
  "overall_metrics": {
    "mse": 0.050663843750953674,
    "mae": 0.15287408232688904,
    "correlation": 0.7588027853528563,
    "r_squared": 0.5757816670592529,
    "n_samples": 1772892
  },
  "task_metrics": {
    "task_00": {
      "mse": 0.022955328226089478,
      "mae": 0.11557263135910034,
      "correlation": 0.8781325168598746,
      "r_squared": 0.771116717166658,
      "n_samples": 23958
    },
    "task_01": {
      "mse": 0.023669889196753502,
      "mae": 0.11735185235738754,
      "correlation": 0.8780149282317581,
      "r_squared": 0.7709102141978194,
      "n_samples": 23958
    },
    "task_02": {
      "mse": 0.02417612262070179,
      "mae": 0.11767922341823578,
      "correlation": 0.879664389055011,
      "r_squared": 0.7738094373715257,
      "n_samples": 23958
    },
    "task_03": {
      "mse": 0.025636816397309303,
      "mae": 0.12082021683454514,
      "correlation": 0.8786818319014459,
      "r_squared": 0.7720817617136808,
      "n_samples": 23958
    },
    "task_04": {
      "mse": 0.0015954216942191124,
      "mae": 0.028873607516288757,
      "correlation": 0.34824330050335395,
      "r_squared": 0.12127339634546928,
      "n_samples": 23958
    },
    "task_05": {
      "mse": 0.0013219605898484588,
      "mae": 0.024824654683470726,
      "correlation": 0.37864743473150225,
      "r_squared": 0.14337387982874725,
      "n_samples": 23958
    },
    "task_06": {
      "mse": 0.027441352605819702,
      "mae": 0.1091218888759613,
      "correlation": 0.8691159625987713,
      "r_squared": 0.7553625564439889,
      "n_samples": 23958
    },
    "task_07": {
      "mse": 0.02609987184405327,
      "mae": 0.10420098900794983,
      "correlation": 0.8761899244828741,
      "r_squared": 0.7677087837653047,
      "n_samples": 23958
    },
    "task_08": {
      "mse": 0.03487949073314667,
      "mae": 0.1187228411436081,
      "correlation": 0.8384743278425988,
      "r_squared": 0.7030391984510979,
      "n_samples": 23958
    },
    "task_09": {
      "mse": 0.03459329903125763,
      "mae": 0.11716155707836151,
      "correlation": 0.8404546028505672,
      "r_squared": 0.7063639394527046,
      "n_samples": 23958
    },
    "task_10": {
      "mse": 0.0672820508480072,
      "mae": 0.1966613531112671,
      "correlation": 0.3995176990587005,
      "r_squared": 0.15961439186115836,
      "n_samples": 23958
    },
    "task_11": {
      "mse": 0.06674416363239288,
      "mae": 0.197093203663826,
      "correlation": 0.4037213295927996,
      "r_squared": 0.16299091196817794,
      "n_samples": 23958
    },
    "task_12": {
      "mse": 0.09172363579273224,
      "mae": 0.23586834967136383,
      "correlation": 0.4395600435594727,
      "r_squared": 0.19321303189400554,
      "n_samples": 23958
    },
    "task_13": {
      "mse": 0.09200534969568253,
      "mae": 0.2367095649242401,
      "correlation": 0.4432913394908455,
      "r_squared": 0.19650721166758803,
      "n_samples": 23958
    },
    "task_14": {
      "mse": 0.07707349956035614,
      "mae": 0.21805669367313385,
      "correlation": 0.6986850066370923,
      "r_squared": 0.4881607384994737,
      "n_samples": 23958
    },
    "task_15": {
      "mse": 0.07545807957649231,
      "mae": 0.21610890328884125,
      "correlation": 0.7008184003196218,
      "r_squared": 0.49114643022655374,
      "n_samples": 23958
    },
    "task_16": {
      "mse": 0.0979657918214798,
      "mae": 0.2506454885005951,
      "correlation": 0.6154205388920183,
      "r_squared": 0.3787424396901422,
      "n_samples": 23958
    },
    "task_17": {
      "mse": 0.0987003743648529,
      "mae": 0.2513803541660309,
      "correlation": 0.616267347799397,
      "r_squared": 0.3797854439637029,
      "n_samples": 23958
    },
    "task_18": {
      "mse": 0.07170157879590988,
      "mae": 0.17617076635360718,
      "correlation": 0.5863636049512863,
      "r_squared": 0.3438222772114681,
      "n_samples": 23958
    },
    "task_19": {
      "mse": 0.07287032902240753,
      "mae": 0.17656883597373962,
      "correlation": 0.5841944969549635,
      "r_squared": 0.3412832102724629,
      "n_samples": 23958
    },
    "task_20": {
      "mse": 0.08226598799228668,
      "mae": 0.23712174594402313,
      "correlation": 0.39123772132343054,
      "r_squared": 0.1530669545863503,
      "n_samples": 23958
    },
    "task_21": {
      "mse": 0.0829562395811081,
      "mae": 0.23798580467700958,
      "correlation": 0.39119970452111374,
      "r_squared": 0.1530372088174067,
      "n_samples": 23958
    },
    "task_22": {
      "mse": 0.05747083202004433,
      "mae": 0.18870054185390472,
      "correlation": 0.6170237283725154,
      "r_squared": 0.3807182813747197,
      "n_samples": 23958
    },
    "task_23": {
      "mse": 0.05635037645697594,
      "mae": 0.18676474690437317,
      "correlation": 0.6230615656318539,
      "r_squared": 0.388205714567617,
      "n_samples": 23958
    },
    "task_24": {
      "mse": 0.025200121104717255,
      "mae": 0.09892921149730682,
      "correlation": 0.3601092559403015,
      "r_squared": 0.12967867621387758,
      "n_samples": 23958
    },
    "task_25": {
      "mse": 0.02491646818816662,
      "mae": 0.09858199208974838,
      "correlation": 0.37061325288920066,
      "r_squared": 0.1373541832171146,
      "n_samples": 23958
    },
    "task_26": {
      "mse": 0.031212512403726578,
      "mae": 0.1262512356042862,
      "correlation": 0.6604930215906051,
      "r_squared": 0.4362510315698875,
      "n_samples": 23958
    },
    "task_27": {
      "mse": 0.030641069635748863,
      "mae": 0.1259489506483078,
      "correlation": 0.6683604019340943,
      "r_squared": 0.44670562687350407,
      "n_samples": 23958
    },
    "task_28": {
      "mse": 0.030491868034005165,
      "mae": 0.12588471174240112,
      "correlation": 0.666913552897864,
      "r_squared": 0.44477368703885206,
      "n_samples": 23958
    },
    "task_29": {
      "mse": 0.030764712020754814,
      "mae": 0.1261577606201172,
      "correlation": 0.6660475619953495,
      "r_squared": 0.44361935483994897,
      "n_samples": 23958
    },
    "task_30": {
      "mse": 0.044028643518686295,
      "mae": 0.14824721217155457,
      "correlation": 0.7680373223572463,
      "r_squared": 0.5898813285336887,
      "n_samples": 23958
    },
    "task_31": {
      "mse": 0.04258684068918228,
      "mae": 0.14572381973266602,
      "correlation": 0.7748690737599039,
      "r_squared": 0.6004220814695314,
      "n_samples": 23958
    },
    "task_32": {
      "mse": 0.06743310391902924,
      "mae": 0.20882093906402588,
      "correlation": 0.7172049485600033,
      "r_squared": 0.514382938238957,
      "n_samples": 23958
    },
    "task_33": {
      "mse": 0.06794065982103348,
      "mae": 0.20949266850948334,
      "correlation": 0.7172697915800135,
      "r_squared": 0.514475953913236,
      "n_samples": 23958
    },
    "task_34": {
      "mse": 0.026900235563516617,
      "mae": 0.09600814431905746,
      "correlation": 0.9033955749810431,
      "r_squared": 0.8161235648953294,
      "n_samples": 23958
    },
    "task_35": {
      "mse": 0.02696465328335762,
      "mae": 0.09570353478193283,
      "correlation": 0.9037996420283589,
      "r_squared": 0.8168537929305898,
      "n_samples": 23958
    },
    "task_36": {
      "mse": 0.05351831763982773,
      "mae": 0.17048121988773346,
      "correlation": 0.5223166821081108,
      "r_squared": 0.27281471640842525,
      "n_samples": 23958
    },
    "task_37": {
      "mse": 0.04875316098332405,
      "mae": 0.15879759192466736,
      "correlation": 0.5455042159782093,
      "r_squared": 0.2975748496500008,
      "n_samples": 23958
    },
    "task_38": {
      "mse": 0.02320934273302555,
      "mae": 0.10006112605333328,
      "correlation": 0.23235128013522394,
      "r_squared": 0.05398711738047731,
      "n_samples": 23958
    },
    "task_39": {
      "mse": 0.02239765040576458,
      "mae": 0.09697961062192917,