{
  "overall_metrics": {
    "mse": 0.22945937514305115,
    "mae": 0.4032473564147949,
    "correlation": 0.11558399416123398,
    "r_squared": 0.013359659706264172,
    "n_samples": 1772892
  },
  "task_metrics": {
    "task_00": {
      "mse": 0.11374234408140182,
      "mae": 0.2895010709762573,
      "correlation": -0.1571337422985408,
      "r_squared": 0.02469101296874423,
      "n_samples": 23958
    },
    "task_01": {
      "mse": 0.1278625726699829,
      "mae": 0.28661367297172546,
      "correlation": -0.030280587492903445,
      "r_squared": 0.0009169139789153805,
      "n_samples": 23958
    },
    "task_02": {
      "mse": 0.11914627254009247,
      "mae": 0.2985861599445343,
      "correlation": 0.2574804752332873,
      "r_squared": 0.06629619512635948,
      "n_samples": 23958
    },
    "task_03": {
      "mse": 0.39054378867149353,
      "mae": 0.5423001050949097,
      "correlation": 0.2676712283229001,
      "r_squared": 0.0716478864718901,
      "n_samples": 23958
    },
    "task_04": {
      "mse": 0.33421242237091064,
      "mae": 0.5654008388519287,
      "correlation": -0.11451895174376746,
      "r_squared": 0.013114590308491339,
      "n_samples": 23958
    },
    "task_05": {
      "mse": 0.5680689215660095,
      "mae": 0.7485828995704651,
      "correlation": -0.04579044191159229,
      "r_squared": 0.0020967645704589076,
      "n_samples": 23958
    },
    "task_06": {
      "mse": 0.12127014249563217,
      "mae": 0.24324598908424377,
      "correlation": 0.08150707639802457,
      "r_squared": 0.006643403502953414,
      "n_samples": 23958
    },
    "task_07": {
      "mse": 0.1376328021287918,
      "mae": 0.33436042070388794,
      "correlation": 0.2676394338741036,
      "r_squared": 0.07163086656445068,
      "n_samples": 23958
    },
    "task_08": {
      "mse": 0.14419996738433838,
      "mae": 0.3396238088607788,
      "correlation": -0.13374139323191828,
      "r_squared": 0.017886760263614597,
      "n_samples": 23958
    },
    "task_09": {
      "mse": 0.20460762083530426,
      "mae": 0.42216554284095764,
      "correlation": -0.010239019520098992,
      "r_squared": 0.00010483752073296819,
      "n_samples": 23958
    },
    "task_10": {
      "mse": 0.40073713660240173,
      "mae": 0.5845228433609009,
      "correlation": 0.06653593657212765,
      "r_squared": 0.004427030855530195,
      "n_samples": 23958
    },
    "task_11": {
      "mse": 0.2961535155773163,
      "mae": 0.4969053566455841,
      "correlation": 0.040147730331239063,
      "r_squared": 0.001611840250749893,
      "n_samples": 23958
    },
    "task_12": {
      "mse": 0.3375047445297241,
      "mae": 0.5264502167701721,
      "correlation": 0.07323456471613017,
      "r_squared": 0.005363301469161058,
      "n_samples": 23958
    },
    "task_13": {
      "mse": 0.13890382647514343,
      "mae": 0.3235695958137512,
      "correlation": -0.14184020702023273,
      "r_squared": 0.020118644327542477,
      "n_samples": 23958
    },
    "task_14": {
      "mse": 0.1861402839422226,
      "mae": 0.38683104515075684,
      "correlation": -0.1433585269808312,
      "r_squared": 0.02055166725811371,
      "n_samples": 23958
    },
    "task_15": {
      "mse": 0.2292836457490921,
      "mae": 0.42014405131340027,
      "correlation": 0.07407125276580129,
      "r_squared": 0.005486550486295225,
      "n_samples": 23958
    },
    "task_16": {
      "mse": 0.17880843579769135,
      "mae": 0.35946205258369446,
      "correlation": -0.12301335373641413,
      "r_squared": 0.015132285197480153,
      "n_samples": 23958
    },
    "task_17": {
      "mse": 0.35228437185287476,
      "mae": 0.494052916765213,
      "correlation": 0.18340526778666655,
      "r_squared": 0.03363749225189887,
      "n_samples": 23958
    },
    "task_18": {
      "mse": 0.12864446640014648,
      "mae": 0.3176339566707611,
      "correlation": 0.08505488250811148,
      "r_squared": 0.007234333038468648,
      "n_samples": 23958
    },
    "task_19": {
      "mse": 0.6077589988708496,
      "mae": 0.7206264734268188,
      "correlation": -0.027796269103652935,
      "r_squared": 0.0007726325760826908,
      "n_samples": 23958
    },
    "task_20": {
      "mse": 0.11456937342882156,
      "mae": 0.2827863395214081,
      "correlation": -0.05274458615563528,
      "r_squared": 0.0027819913687292326,
      "n_samples": 23958
    },
    "task_21": {
      "mse": 0.46241217851638794,
      "mae": 0.610630214214325,
      "correlation": -0.015908741846328532,
      "r_squared": 0.0002530880671331245,
      "n_samples": 23958
    },
    "task_22": {
      "mse": 0.09460986405611038,
      "mae": 0.25174328684806824,
      "correlation": 0.04060220060971858,
      "r_squared": 0.0016485386943518318,
      "n_samples": 23958
    },
    "task_23": {
      "mse": 0.1006525531411171,
      "mae": 0.24266628921031952,
      "correlation": 0.08674967362184127,
      "r_squared": 0.007525505873495983,
      "n_samples": 23958
    },
    "task_24": {
      "mse": 0.21382150053977966,
      "mae": 0.4335116446018219,
      "correlation": -0.12605629642601812,
      "r_squared": 0.01589018986864415,
      "n_samples": 23958
    },
    "task_25": {
      "mse": 0.47259780764579773,
      "mae": 0.6660130620002747,
      "correlation": -0.13593798635835677,
      "r_squared": 0.018479136135164793,
      "n_samples": 23958
    },
    "task_26": {
      "mse": 0.07515106350183487,
      "mae": 0.22838017344474792,
      "correlation": -0.11646547622137657,
      "r_squared": 0.013564207151472031,
      "n_samples": 23958
    },
    "task_27": {
      "mse": 0.34114089608192444,
      "mae": 0.543355405330658,
      "correlation": 0.08746338999559845,
      "r_squared": 0.007649844589522152,
      "n_samples": 23958
    },
    "task_28": {
      "mse": 0.06226843595504761,
      "mae": 0.19433794915676117,
      "correlation": 0.01701213291877589,
      "r_squared": 0.00028941266644609835,
      "n_samples": 23958
    },
    "task_29": {
      "mse": 0.09357192367315292,
      "mae": 0.25805068016052246,
      "correlation": -0.1475585432812769,
      "r_squared": 0.02177352369529247,
      "n_samples": 23958
    },
    "task_30": {
      "mse": 0.14472122490406036,
      "mae": 0.22390931844711304,
      "correlation": 0.06423952151509452,
      "r_squared": 0.004126716124488291,
      "n_samples": 23958
    },
    "task_31": {
      "mse": 0.10536762326955795,
      "mae": 0.24844913184642792,
      "correlation": 0.12949262720536656,
      "r_squared": 0.01676834050054804,
      "n_samples": 23958
    },
    "task_32": {
      "mse": 0.22110438346862793,
      "mae": 0.38593918085098267,
      "correlation": 0.04390450721484019,
      "r_squared": 0.0019276057537779543,
      "n_samples": 23958
    },
    "task_33": {
      "mse": 0.2703358829021454,
      "mae": 0.41915255784988403,
      "correlation": -0.08377172904628007,
      "r_squared": 0.007017702587403364,
      "n_samples": 23958
    },
    "task_34": {
      "mse": 0.4262129068374634,
      "mae": 0.5893323421478271,
      "correlation": 0.09275035505123082,
      "r_squared": 0.008602628362129378,
      "n_samples": 23958
    },
    "task_35": {
      "mse": 0.3260580599308014,
      "mae": 0.5216497182846069,
      "correlation": 0.16667406555020056,
      "r_squared": 0.027780244127032554,
      "n_samples": 23958
    },
    "task_36": {
      "mse": 0.08340335637331009,
      "mae": 0.17098762094974518,
      "correlation": -0.11232640973060219,
      "r_squared": 0.012617222322967123,
      "n_samples": 23958
    },
    "task_37": {
      "mse": 0.4810641407966614,
      "mae": 0.657309889793396,
      "correlation": 0.062110198283734486,
      "r_squared": 0.0038576767308448143,
      "n_samples": 23958
    },
    "task_38": {
      "mse": 0.34005072712898254,
      "mae": 0.5635159611701965,
      "correlation": 0.06063139058933055,
      "r_squared": 0.0036761655247959614,
      "n_samples": 23958
    },