{
  "overall_metrics": {
    "mse": 0.033152416348457336,
    "mae": 0.10780137777328491,
    "correlation": 0.8495792810691098,
    "r_squared": 0.7217849548219055,
    "n_samples": 1772892
  },
  "task_metrics": {
    "task_00": {
      "mse": 0.006565335672348738,
      "mae": 0.06262369453907013,
      "correlation": 0.9652793835198767,
      "r_squared": 0.9317642882485133,
      "n_samples": 23958
    },
    "task_01": {
      "mse": 0.006588826421648264,
      "mae": 0.06264307349920273,
      "correlation": 0.965978505814738,
      "r_squared": 0.9331144736960738,
      "n_samples": 23958
    },
    "task_02": {
      "mse": 0.006238490808755159,
      "mae": 0.0600958988070488,
      "correlation": 0.9684091084974675,
      "r_squared": 0.9378162014208599,
      "n_samples": 23958
    },
    "task_03": {
      "mse": 0.006312649697065353,
      "mae": 0.060337938368320465,
      "correlation": 0.9689101660479199,
      "r_squared": 0.9387869098710078,
      "n_samples": 23958
    },
    "task_04": {
      "mse": 0.001275440794415772,
      "mae": 0.02645811438560486,
      "correlation": 0.5241355661609245,
      "r_squared": 0.27471809171483286,
      "n_samples": 23958
    },
    "task_05": {
      "mse": 0.0010026396485045552,
      "mae": 0.022393671795725822,
      "correlation": 0.5745749998000287,
      "r_squared": 0.33013643039520296,
      "n_samples": 23958
    },
    "task_06": {
      "mse": 0.013971498236060143,
      "mae": 0.07220573723316193,
      "correlation": 0.9354058276205364,
      "r_squared": 0.8749840623464606,
      "n_samples": 23958
    },
    "task_07": {
      "mse": 0.01315960194915533,
      "mae": 0.06929866969585419,
      "correlation": 0.9393493207073338,
      "r_squared": 0.8823771463133294,
      "n_samples": 23958
    },
    "task_08": {
      "mse": 0.021779200062155724,
      "mae": 0.08507681638002396,
      "correlation": 0.9020032011115364,
      "r_squared": 0.8136097748154588,
      "n_samples": 23958
    },
    "task_09": {
      "mse": 0.0215152520686388,
      "mae": 0.08284591138362885,
      "correlation": 0.9035999225577052,
      "r_squared": 0.8164928200462908,
      "n_samples": 23958
    },
    "task_10": {
      "mse": 0.03226660192012787,
      "mae": 0.11952859163284302,
      "correlation": 0.7723278585594908,
      "r_squared": 0.5964903211070889,
      "n_samples": 23958
    },
    "task_11": {
      "mse": 0.031825143843889236,
      "mae": 0.11851592361927032,
      "correlation": 0.7751679237230326,
      "r_squared": 0.6008853099690772,
      "n_samples": 23958
    },
    "task_12": {
      "mse": 0.054007720202207565,
      "mae": 0.15657883882522583,
      "correlation": 0.7233278523688857,
      "r_squared": 0.5232031820125845,
      "n_samples": 23958
    },
    "task_13": {
      "mse": 0.05387786403298378,
      "mae": 0.15601766109466553,
      "correlation": 0.7258463562651859,
      "r_squared": 0.5268529329034471,
      "n_samples": 23958
    },
    "task_14": {
      "mse": 0.03589237481355667,
      "mae": 0.12921400368213654,
      "correlation": 0.8567372956934479,
      "r_squared": 0.7339987938321224,
      "n_samples": 23958
    },
    "task_15": {
      "mse": 0.03552238643169403,
      "mae": 0.12850192189216614,
      "correlation": 0.8583328990584401,
      "r_squared": 0.7367353656060663,
      "n_samples": 23958
    },
    "task_16": {
      "mse": 0.059665486216545105,
      "mae": 0.17059443891048431,
      "correlation": 0.7740072872665631,
      "r_squared": 0.5990872807417439,
      "n_samples": 23958
    },
    "task_17": {
      "mse": 0.059459760785102844,
      "mae": 0.17025619745254517,
      "correlation": 0.7754563834312583,
      "r_squared": 0.6013326026042868,
      "n_samples": 23958
    },
    "task_18": {
      "mse": 0.03879420459270477,
      "mae": 0.12022100389003754,
      "correlation": 0.7799232752554747,
      "r_squared": 0.6082803152852269,
      "n_samples": 23958
    },
    "task_19": {
      "mse": 0.0386030487716198,
      "mae": 0.11971934884786606,
      "correlation": 0.7807746468182069,
      "r_squared": 0.6096090491140956,
      "n_samples": 23958
    },
    "task_20": {
      "mse": 0.050215400755405426,
      "mae": 0.1670164167881012,
      "correlation": 0.6783719262346137,
      "r_squared": 0.4601884703032602,
      "n_samples": 23958
    },
    "task_21": {
      "mse": 0.05010700598359108,
      "mae": 0.16687339544296265,
      "correlation": 0.6795685970178142,
      "r_squared": 0.4618134780527604,
      "n_samples": 23958
    },
    "task_22": {
      "mse": 0.03839236497879028,
      "mae": 0.1343948096036911,
      "correlation": 0.7469302431724298,
      "r_squared": 0.5579047881656252,
      "n_samples": 23958
    },
    "task_23": {
      "mse": 0.0380016453564167,
      "mae": 0.13389338552951813,
      "correlation": 0.7497281958387844,
      "r_squared": 0.5620923676356786,
      "n_samples": 23958
    },
    "task_24": {
      "mse": 0.02160097286105156,
      "mae": 0.08833025395870209,
      "correlation": 0.5051143946450333,
      "r_squared": 0.2551405516776184,
      "n_samples": 23958
    },
    "task_25": {
      "mse": 0.021534159779548645,
      "mae": 0.08811534941196442,
      "correlation": 0.5058187559813045,
      "r_squared": 0.2558526139024745,
      "n_samples": 23958
    },
    "task_26": {
      "mse": 0.006798091810196638,
      "mae": 0.05982458218932152,
      "correlation": 0.9325277489561926,
      "r_squared": 0.8696080025733038,
      "n_samples": 23958
    },
    "task_27": {
      "mse": 0.0067949434742331505,
      "mae": 0.05957954376935959,
      "correlation": 0.9330786362344766,
      "r_squared": 0.8706357413971908,
      "n_samples": 23958
    },
    "task_28": {
      "mse": 0.006798079703003168,
      "mae": 0.05982743576169014,
      "correlation": 0.9325295100880743,
      "r_squared": 0.8696112871851038,
      "n_samples": 23958
    },
    "task_29": {
      "mse": 0.006794971413910389,
      "mae": 0.059574831277132034,
      "correlation": 0.9330766662052091,
      "r_squared": 0.8706320650166273,
      "n_samples": 23958
    },
    "task_30": {
      "mse": 0.019628698006272316,
      "mae": 0.07040970772504807,
      "correlation": 0.9029131715373679,
      "r_squared": 0.8152521953356684,
      "n_samples": 23958
    },
    "task_31": {
      "mse": 0.01723896898329258,
      "mae": 0.06548072397708893,
      "correlation": 0.9139805821393925,
      "r_squared": 0.8353605045278628,
      "n_samples": 23958
    },
    "task_32": {
      "mse": 0.02911294437944889,
      "mae": 0.10999001562595367,
      "correlation": 0.8868499966285773,
      "r_squared": 0.7865029165201076,
      "n_samples": 23958
    },
    "task_33": {
      "mse": 0.029183048754930496,
      "mae": 0.10968535393476486,
      "correlation": 0.8875782802474551,
      "r_squared": 0.7877952035670299,
      "n_samples": 23958
    },
    "task_34": {
      "mse": 0.010787520557641983,
      "mae": 0.049631450325250626,
      "correlation": 0.9622361743593716,
      "r_squared": 0.925898455245759,
      "n_samples": 23958
    },
    "task_35": {
      "mse": 0.010605690069496632,
      "mae": 0.0488588847219944,
      "correlation": 0.9631285729919651,
      "r_squared": 0.927616648113539,
      "n_samples": 23958
    },
    "task_36": {
      "mse": 0.0354749895632267,
      "mae": 0.11842603981494904,
      "correlation": 0.7140538570515433,
      "r_squared": 0.5098729107701859,
      "n_samples": 23958
    },
    "task_37": {
      "mse": 0.029942668974399567,
      "mae": 0.10220469534397125,
      "correlation": 0.7473397569026801,
      "r_squared": 0.5585167122473569,
      "n_samples": 23958
    },
    "task_38": {
      "mse": 0.021702395752072334,
      "mae": 0.09037892520427704,
      "correlation": 0.30675360737074764,
      "r_squared": 0.0940977756349668,
      "n_samples": 23958
    },
    "task_39": {
      "mse": 0.020957360044121742,