{
  "SDSS": {
    "overall": {
      "mse": 0.02478819154202938,
      "mae": 0.08522346615791321,
      "correlation": 0.8927944803250715,
      "r_squared": 0.7970819840989144,
      "n_samples": 1000
    },
    "per_task": {
      "t01_smooth_or_features_a01_smooth_fraction": {
        "correlation": 0.9825703139992494,
        "mse": 0.005672454833984375,
        "mae": 0.05763985216617584,
        "n_samples": 1000
      },
      "t01_smooth_or_features_a01_smooth_weighted_fraction": {
        "correlation": 0.9830279978175114,
        "mse": 0.0057594203390181065,
        "mae": 0.05828385800123215,
        "n_samples": 1000
      },
      "t01_smooth_or_features_a02_features_or_disk_fraction": {
        "correlation": 0.9862548649138351,
        "mse": 0.004876128397881985,
        "mae": 0.05220458284020424,
        "n_samples": 1000
      },
      "t01_smooth_or_features_a02_features_or_disk_weighted_fraction": {
        "correlation": 0.9863959286892452,
        "mse": 0.00496456166729331,
        "mae": 0.05244208499789238,
        "n_samples": 1000
      },
      "t01_smooth_or_features_a03_star_or_artifact_fraction": {
        "correlation": 0.6109326396629693,
        "mse": 0.0011217754799872637,
        "mae": 0.025510074570775032,
        "n_samples": 1000
      },
      "t01_smooth_or_features_a03_star_or_artifact_weighted_fraction": {
        "correlation": 0.6564855462387201,
        "mse": 0.0009079431183636189,
        "mae": 0.02170695550739765,
        "n_samples": 1000
      },
      "t02_edgeon_a04_yes_fraction": {
        "correlation": 0.8559787281616588,
        "mse": 0.009951258078217506,
        "mae": 0.05871271342039108,
        "n_samples": 1000
      },
      "t02_edgeon_a04_yes_weighted_fraction": {
        "correlation": 0.865930241473267,
        "mse": 0.009230319410562515,
        "mae": 0.05447396636009216,
        "n_samples": 1000
      },
      "t02_edgeon_a05_no_fraction": {
        "correlation": 0.797842861020434,
        "mse": 0.01512815710157156,
        "mae": 0.06860316544771194,
        "n_samples": 1000
      },
      "t02_edgeon_a05_no_weighted_fraction": {
        "correlation": 0.8060888150686245,
        "mse": 0.01445010956376791,
        "mae": 0.06469433754682541,
        "n_samples": 1000
      },
      "t03_bar_a06_bar_fraction": {
        "correlation": 0.9128009707525365,
        "mse": 0.014779122546315193,
        "mae": 0.0732923150062561,
        "n_samples": 1000
      },
      "t03_bar_a06_bar_weighted_fraction": {
        "correlation": 0.9121656114808014,
        "mse": 0.014892621897161007,
        "mae": 0.07292185723781586,
        "n_samples": 1000
      },
      "t03_bar_a07_no_bar_fraction": {
        "correlation": 0.8854580617229437,
        "mse": 0.02077215537428856,
        "mae": 0.08640014380216599,
        "n_samples": 1000
      },
      "t03_bar_a07_no_bar_weighted_fraction": {
        "correlation": 0.8849750776075374,
        "mse": 0.02086547575891018,
        "mae": 0.08607602119445801,
        "n_samples": 1000
      },
      "t04_spiral_a08_spiral_fraction": {
        "correlation": 0.9629269269103512,
        "mse": 0.013099309988319874,
        "mae": 0.05822278559207916,
        "n_samples": 1000
      },
      "t04_spiral_a08_spiral_weighted_fraction": {
        "correlation": 0.9627907357990647,
        "mse": 0.013146879151463509,
        "mae": 0.05811556428670883,
        "n_samples": 1000
      },
      "t04_spiral_a09_no_spiral_fraction": {
        "correlation": 0.9433177482588657,
        "mse": 0.020188042894005775,
        "mae": 0.07677653431892395,
        "n_samples": 1000
      },
      "t04_spiral_a09_no_spiral_weighted_fraction": {
        "correlation": 0.9431766623771499,
        "mse": 0.020229751244187355,
        "mae": 0.07678387314081192,
        "n_samples": 1000
      },
      "t05_bulge_prominence_a10_no_bulge_fraction": {
        "correlation": 0.3722092943713611,
        "mse": 0.0021269458811730146,
        "mae": 0.020456688478589058,
        "n_samples": 1000
      },
      "t05_bulge_prominence_a10_no_bulge_weighted_fraction": {
        "correlation": 0.3776109998946981,
        "mse": 0.002075005555525422,
        "mae": 0.020258044824004173,
        "n_samples": 1000
      },
      "t05_bulge_prominence_a11_just_noticeable_fraction": {
        "correlation": 0.6191963462884773,
        "mse": 0.032202113419771194,
        "mae": 0.13533824682235718,
        "n_samples": 1000
      },
      "t05_bulge_prominence_a11_just_noticeable_weighted_fraction": {
        "correlation": 0.6191033427725867,
        "mse": 0.032271742820739746,
        "mae": 0.13537725806236267,
        "n_samples": 1000
      },
      "t05_bulge_prominence_a12_obvious_fraction": {
        "correlation": 0.397710438095758,
        "mse": 0.05103015899658203,
        "mae": 0.16601772606372833,
        "n_samples": 1000
      },
      "t05_bulge_prominence_a12_obvious_weighted_fraction": {
        "correlation": 0.39818961878639525,
        "mse": 0.051148537546396255,
        "mae": 0.16637594997882843,
        "n_samples": 1000
      },
      "t05_bulge_prominence_a13_dominant_fraction": {
        "correlation": 0.426549673442371,
        "mse": 0.031203720718622208,
        "mae": 0.11297862231731415,
        "n_samples": 1000
      },
      "t05_bulge_prominence_a13_dominant_weighted_fraction": {
        "correlation": 0.4263244803845816,
        "mse": 0.031228946521878242,
        "mae": 0.11320450156927109,
        "n_samples": 1000
      },
      "t06_odd_a14_yes_fraction": {
        "correlation": 0.9281205209941228,
        "mse": 0.006479606498032808,
        "mae": 0.05924193933606148,
        "n_samples": 1000
      },
      "t06_odd_a14_yes_weighted_fraction": {
        "correlation": 0.9286368100538421,
        "mse": 0.00647007767111063,
        "mae": 0.059034209698438644,
        "n_samples": 1000
      },
      "t06_odd_a15_no_fraction": {
        "correlation": 0.928097322983931,
        "mse": 0.006480569019913673,
        "mae": 0.05923207849264145,
        "n_samples": 1000
      },
      "t06_odd_a15_no_weighted_fraction": {
        "correlation": 0.9286790213964455,
        "mse": 0.006466733757406473,
        "mae": 0.05902126803994179,
        "n_samples": 1000
      },
      "t07_rounded_a16_completely_round_fraction": {
        "correlation": 0.8430711826116263,
        "mse": 0.039349932223558426,
        "mae": 0.11561387777328491,
        "n_samples": 1000
      },
      "t07_rounded_a16_completely_round_weighted_fraction": {
        "correlation": 0.8552514306246187,
        "mse": 0.036492496728897095,
        "mae": 0.10801409929990768,
        "n_samples": 1000
      },
      "t07_rounded_a17_in_between_fraction": {
        "correlation": 0.8085458401925003,
        "mse": 0.04285340756177902,
        "mae": 0.13465867936611176,
        "n_samples": 1000
      },
      "t07_rounded_a17_in_between_weighted_fraction": {
        "correlation": 0.8272468319820394,
        "mse": 0.03933225944638252,
        "mae": 0.13000845909118652,
        "n_samples": 1000
      },
      "t07_rounded_a18_cigar_shaped_fraction": {
        "correlation": 0.8282781328995618,
        "mse": 0.014007460325956345,
        "mae": 0.03685330972075462,
        "n_samples": 1000
      },
      "t07_rounded_a18_cigar_shaped_weighted_fraction": {
        "correlation": 0.8614385642319772,
        "mse": 0.01075094286352396,
        "mae": 0.0329776369035244,
        "n_samples": 1000
      },
      "t08_odd_feature_a19_ring_fraction": {
        "correlation": 0.7786909745531713,
        "mse": 0.04064785689115524,
        "mae": 0.13470914959907532,
        "n_samples": 1000
      },
      "t08_odd_feature_a19_ring_weighted_fraction": {
        "correlation": 0.7934798886256088,
        "mse": 0.03817736729979515,
        "mae": 0.12430529296398163,
        "n_samples": 1000
      },