{
  "overall_metrics": {
    "mse": 0.033040519803762436,
    "mae": 0.10638792812824249,
    "correlation": 0.8500422746011835,
    "r_squared": 0.7225718686091539,
    "n_samples": 1772892
  },
  "task_metrics": {
    "task_00": {
      "mse": 0.006426005624234676,
      "mae": 0.06156967580318451,
      "correlation": 0.9659178618041735,
      "r_squared": 0.9329973157523465,
      "n_samples": 23958
    },
    "task_01": {
      "mse": 0.006452072877436876,
      "mae": 0.061578042805194855,
      "correlation": 0.9666102911022789,
      "r_squared": 0.9343354548648324,
      "n_samples": 23958
    },
    "task_02": {
      "mse": 0.006139458157122135,
      "mae": 0.059373874217271805,
      "correlation": 0.9689899331657277,
      "r_squared": 0.9389414905765214,
      "n_samples": 23958
    },
    "task_03": {
      "mse": 0.006201448850333691,
      "mae": 0.059528786689043045,
      "correlation": 0.9695062687406869,
      "r_squared": 0.9399424051274891,
      "n_samples": 23958
    },
    "task_04": {
      "mse": 0.0012813359498977661,
      "mae": 0.026317916810512543,
      "correlation": 0.5197829651692253,
      "r_squared": 0.27017433088011206,
      "n_samples": 23958
    },
    "task_05": {
      "mse": 0.0010080869542434812,
      "mae": 0.022232908755540848,
      "correlation": 0.5703962198551339,
      "r_squared": 0.3253518476250262,
      "n_samples": 23958
    },
    "task_06": {
      "mse": 0.013993882574141026,
      "mae": 0.07199227064847946,
      "correlation": 0.9351988191657997,
      "r_squared": 0.8745968313691062,
      "n_samples": 23958
    },
    "task_07": {
      "mse": 0.013189850375056267,
      "mae": 0.06914398074150085,
      "correlation": 0.9391422326150963,
      "r_squared": 0.8819881330812677,
      "n_samples": 23958
    },
    "task_08": {
      "mse": 0.02177106775343418,
      "mae": 0.08477991819381714,
      "correlation": 0.9017485105991477,
      "r_squared": 0.8131503763677812,
      "n_samples": 23958
    },
    "task_09": {
      "mse": 0.021514782682061195,
      "mae": 0.08263982832431793,
      "correlation": 0.9033650014948866,
      "r_squared": 0.8160683259258565,
      "n_samples": 23958
    },
    "task_10": {
      "mse": 0.032133087515830994,
      "mae": 0.11831290274858475,
      "correlation": 0.773553692253838,
      "r_squared": 0.5983853147995455,
      "n_samples": 23958
    },
    "task_11": {
      "mse": 0.03169044852256775,
      "mae": 0.11725392937660217,
      "correlation": 0.7764145257906155,
      "r_squared": 0.6028195158586664,
      "n_samples": 23958
    },
    "task_12": {
      "mse": 0.05384567379951477,
      "mae": 0.15694588422775269,
      "correlation": 0.7248716538439147,
      "r_squared": 0.5254389145464121,
      "n_samples": 23958
    },
    "task_13": {
      "mse": 0.053718201816082,
      "mae": 0.15632924437522888,
      "correlation": 0.7273449719120949,
      "r_squared": 0.5290307081658061,
      "n_samples": 23958
    },
    "task_14": {
      "mse": 0.0356624610722065,
      "mae": 0.12576228380203247,
      "correlation": 0.8576212166018321,
      "r_squared": 0.7355141511656066,
      "n_samples": 23958
    },
    "task_15": {
      "mse": 0.03527090698480606,
      "mae": 0.12500417232513428,
      "correlation": 0.8592921273126689,
      "r_squared": 0.738382960061532,
      "n_samples": 23958
    },
    "task_16": {
      "mse": 0.059358786791563034,
      "mae": 0.16917407512664795,
      "correlation": 0.7753010620284716,
      "r_squared": 0.601091736782476,
      "n_samples": 23958
    },
    "task_17": {
      "mse": 0.059155844151973724,
      "mae": 0.16885319352149963,
      "correlation": 0.776737774807343,
      "r_squared": 0.6033215708126626,
      "n_samples": 23958
    },
    "task_18": {
      "mse": 0.03860476240515709,
      "mae": 0.11985243856906891,
      "correlation": 0.7803978072514679,
      "r_squared": 0.6090207375628992,
      "n_samples": 23958
    },
    "task_19": {
      "mse": 0.038436390459537506,
      "mae": 0.11942607909440994,
      "correlation": 0.7811550295484885,
      "r_squared": 0.6102031801888999,
      "n_samples": 23958
    },
    "task_20": {
      "mse": 0.049727555364370346,
      "mae": 0.16416677832603455,
      "correlation": 0.6797702580171291,
      "r_squared": 0.4620876036846743,
      "n_samples": 23958
    },
    "task_21": {
      "mse": 0.04961201921105385,
      "mae": 0.1639808565378189,
      "correlation": 0.6809890557387047,
      "r_squared": 0.4637460940358927,
      "n_samples": 23958
    },
    "task_22": {
      "mse": 0.03780684247612953,
      "mae": 0.12956075370311737,
      "correlation": 0.7475263602285683,
      "r_squared": 0.5587956592365713,
      "n_samples": 23958
    },
    "task_23": {
      "mse": 0.03740474581718445,
      "mae": 0.129043847322464,
      "correlation": 0.7502877534923031,
      "r_squared": 0.562931713040527,
      "n_samples": 23958
    },
    "task_24": {
      "mse": 0.02149312011897564,
      "mae": 0.08679903298616409,
      "correlation": 0.5076175084993686,
      "r_squared": 0.25767553493510653,
      "n_samples": 23958
    },
    "task_25": {
      "mse": 0.02142714522778988,
      "mae": 0.0866318792104721,
      "correlation": 0.5083426706104696,
      "r_squared": 0.25841227076338436,
      "n_samples": 23958
    },
    "task_26": {
      "mse": 0.006750689819455147,
      "mae": 0.059480637311935425,
      "correlation": 0.9329538172236411,
      "r_squared": 0.8704028250721632,
      "n_samples": 23958
    },
    "task_27": {
      "mse": 0.0067472741939127445,
      "mae": 0.05920181795954704,
      "correlation": 0.9335016459577817,
      "r_squared": 0.8714253230058877,
      "n_samples": 23958
    },
    "task_28": {
      "mse": 0.0067507424391806126,
      "mae": 0.059481099247932434,
      "correlation": 0.9329508056646465,
      "r_squared": 0.870397205790313,
      "n_samples": 23958
    },
    "task_29": {
      "mse": 0.006747410167008638,
      "mae": 0.05920078605413437,
      "correlation": 0.9335018891493658,
      "r_squared": 0.8714257770454349,
      "n_samples": 23958
    },
    "task_30": {
      "mse": 0.019658628851175308,
      "mae": 0.0707782506942749,
      "correlation": 0.9024852742304783,
      "r_squared": 0.8144796702028616,
      "n_samples": 23958
    },
    "task_31": {
      "mse": 0.017273878678679466,
      "mae": 0.06586606055498123,
      "correlation": 0.9135902297189595,
      "r_squared": 0.8346471078379413,
      "n_samples": 23958
    },
    "task_32": {
      "mse": 0.02909723110496998,
      "mae": 0.11009053885936737,
      "correlation": 0.8864269339918129,
      "r_squared": 0.7857527093061258,
      "n_samples": 23958
    },
    "task_33": {
      "mse": 0.029163019731640816,
      "mae": 0.10979104042053223,
      "correlation": 0.8871702714434646,
      "r_squared": 0.7870710905330707,
      "n_samples": 23958
    },
    "task_34": {
      "mse": 0.010916332714259624,
      "mae": 0.04927489161491394,
      "correlation": 0.9618046807163503,
      "r_squared": 0.9250682438478806,
      "n_samples": 23958
    },
    "task_35": {
      "mse": 0.010716114193201065,
      "mae": 0.04848793148994446,
      "correlation": 0.9627527795615808,
      "r_squared": 0.9268929145535497,
      "n_samples": 23958
    },
    "task_36": {
      "mse": 0.03545793145895004,
      "mae": 0.11650457978248596,
      "correlation": 0.7145015423367571,
      "r_squared": 0.5105124540016047,
      "n_samples": 23958
    },
    "task_37": {
      "mse": 0.02995825931429863,
      "mae": 0.10039101541042328,
      "correlation": 0.7476596159991219,
      "r_squared": 0.5589949013959544,
      "n_samples": 23958
    },
    "task_38": {
      "mse": 0.021679675206542015,
      "mae": 0.08835681527853012,
      "correlation": 0.3061087439758789,
      "r_squared": 0.09370256313849017,
      "n_samples": 23958
    },
    "task_39": {
      "mse": 0.020922977477312088,