{
  "overall_metrics": {
    "mse": 0.033137980848550797,
    "mae": 0.10644695907831192,
    "correlation": 0.849563654807668,
    "r_squared": 0.7217584035701625,
    "n_samples": 1772892
  },
  "task_metrics": {
    "task_00": {
      "mse": 0.00687140878289938,
      "mae": 0.06406796723604202,
      "correlation": 0.9648146020566658,
      "r_squared": 0.9308672163417624,
      "n_samples": 23958
    },
    "task_01": {
      "mse": 0.006879668217152357,
      "mae": 0.06394915282726288,
      "correlation": 0.9655634831362244,
      "r_squared": 0.932312839966158,
      "n_samples": 23958
    },
    "task_02": {
      "mse": 0.006391380447894335,
      "mae": 0.0608602911233902,
      "correlation": 0.9683290055988342,
      "r_squared": 0.937661063084027,
      "n_samples": 23958
    },
    "task_03": {
      "mse": 0.0064719985239207745,
      "mae": 0.0611235685646534,
      "correlation": 0.9688518064369116,
      "r_squared": 0.9386738228360668,
      "n_samples": 23958
    },
    "task_04": {
      "mse": 0.0012712295865640044,
      "mae": 0.026329902932047844,
      "correlation": 0.5249235373930347,
      "r_squared": 0.27554472010921666,
      "n_samples": 23958
    },
    "task_05": {
      "mse": 0.0009994758293032646,
      "mae": 0.022278759628534317,
      "correlation": 0.5749043506857512,
      "r_squared": 0.33051501243740516,
      "n_samples": 23958
    },
    "task_06": {
      "mse": 0.013968536630272865,
      "mae": 0.07180710136890411,
      "correlation": 0.9353158309037797,
      "r_squared": 0.8748157035392278,
      "n_samples": 23958
    },
    "task_07": {
      "mse": 0.013165238313376904,
      "mae": 0.06889566034078598,
      "correlation": 0.9392543955134287,
      "r_squared": 0.8821988194912964,
      "n_samples": 23958
    },
    "task_08": {
      "mse": 0.021741637960076332,
      "mae": 0.08491141349077225,
      "correlation": 0.901872672838233,
      "r_squared": 0.8133743180123785,
      "n_samples": 23958
    },
    "task_09": {
      "mse": 0.021488720551133156,
      "mae": 0.08273246884346008,
      "correlation": 0.9034739931019796,
      "r_squared": 0.8162652562116359,
      "n_samples": 23958
    },
    "task_10": {
      "mse": 0.03238465636968613,
      "mae": 0.1173221543431282,
      "correlation": 0.771593933159385,
      "r_squared": 0.5953571976883695,
      "n_samples": 23958
    },
    "task_11": {
      "mse": 0.0319381058216095,
      "mae": 0.11630529910326004,
      "correlation": 0.7744653081731,
      "r_squared": 0.5997965135636547,
      "n_samples": 23958
    },
    "task_12": {
      "mse": 0.054078053683042526,
      "mae": 0.15581995248794556,
      "correlation": 0.7229472568086829,
      "r_squared": 0.5226527361271996,
      "n_samples": 23958
    },
    "task_13": {
      "mse": 0.05394589155912399,
      "mae": 0.15520809590816498,
      "correlation": 0.7254906898563573,
      "r_squared": 0.5263367410682532,
      "n_samples": 23958
    },
    "task_14": {
      "mse": 0.03585567697882652,
      "mae": 0.12505893409252167,
      "correlation": 0.856981015216155,
      "r_squared": 0.7344164604409117,
      "n_samples": 23958
    },
    "task_15": {
      "mse": 0.03548095375299454,
      "mae": 0.12432757765054703,
      "correlation": 0.8585714933838202,
      "r_squared": 0.7371450092513232,
      "n_samples": 23958
    },
    "task_16": {
      "mse": 0.05971137434244156,
      "mae": 0.16794763505458832,
      "correlation": 0.7737775670632829,
      "r_squared": 0.5987317232903733,
      "n_samples": 23958
    },
    "task_17": {
      "mse": 0.059497859328985214,
      "mae": 0.1676359921693802,
      "correlation": 0.7752368034341232,
      "r_squared": 0.6009921013987573,
      "n_samples": 23958
    },
    "task_18": {
      "mse": 0.03879305347800255,
      "mae": 0.12059721350669861,
      "correlation": 0.7792580704350492,
      "r_squared": 0.6072431403381562,
      "n_samples": 23958
    },
    "task_19": {
      "mse": 0.03863167017698288,
      "mae": 0.12021792680025101,
      "correlation": 0.7799565645045422,
      "r_squared": 0.6083322425137281,
      "n_samples": 23958
    },
    "task_20": {
      "mse": 0.05006776005029678,
      "mae": 0.16598880290985107,
      "correlation": 0.6783083546283817,
      "r_squared": 0.4601022239586624,
      "n_samples": 23958
    },
    "task_21": {
      "mse": 0.04995216056704521,
      "mae": 0.16581031680107117,
      "correlation": 0.6795352649154155,
      "r_squared": 0.4617681762636639,
      "n_samples": 23958
    },
    "task_22": {
      "mse": 0.03792587295174599,
      "mae": 0.13051024079322815,
      "correlation": 0.7469161453464207,
      "r_squared": 0.5578837281791554,
      "n_samples": 23958
    },
    "task_23": {
      "mse": 0.037524305284023285,
      "mae": 0.1300017088651657,
      "correlation": 0.7497022619935988,
      "r_squared": 0.5620534816383187,
      "n_samples": 23958
    },
    "task_24": {
      "mse": 0.021573448553681374,
      "mae": 0.08679533749818802,
      "correlation": 0.5061712362928111,
      "r_squared": 0.25620932045019285,
      "n_samples": 23958
    },
    "task_25": {
      "mse": 0.021505914628505707,
      "mae": 0.08653166145086288,
      "correlation": 0.506961373275295,
      "r_squared": 0.257009833993173,
      "n_samples": 23958
    },
    "task_26": {
      "mse": 0.0068253520876169205,
      "mae": 0.05931636691093445,
      "correlation": 0.9324329586497033,
      "r_squared": 0.8694312223762394,
      "n_samples": 23958
    },
    "task_27": {
      "mse": 0.0068230582401156425,
      "mae": 0.05901506170630455,
      "correlation": 0.9329553940400712,
      "r_squared": 0.8704057672684645,
      "n_samples": 23958
    },
    "task_28": {
      "mse": 0.006825435906648636,
      "mae": 0.059318386018276215,
      "correlation": 0.932429305887236,
      "r_squared": 0.8694244104773529,
      "n_samples": 23958
    },
    "task_29": {
      "mse": 0.006823086645454168,
      "mae": 0.059014175087213516,
      "correlation": 0.9329542288474465,
      "r_squared": 0.8704035931243336,
      "n_samples": 23958
    },
    "task_30": {
      "mse": 0.01955697126686573,
      "mae": 0.07161027193069458,
      "correlation": 0.9027203227491357,
      "r_squared": 0.8149039811043037,
      "n_samples": 23958
    },
    "task_31": {
      "mse": 0.017256861552596092,
      "mae": 0.06685919314622879,
      "correlation": 0.9137083483201552,
      "r_squared": 0.8348629457899461,
      "n_samples": 23958
    },
    "task_32": {
      "mse": 0.028942184522747993,
      "mae": 0.10910741984844208,
      "correlation": 0.8871744457096945,
      "r_squared": 0.7870784971203036,
      "n_samples": 23958
    },
    "task_33": {
      "mse": 0.02901569753885269,
      "mae": 0.10884515941143036,
      "correlation": 0.8878938586376093,
      "r_squared": 0.7883555042063829,
      "n_samples": 23958
    },
    "task_34": {
      "mse": 0.010789151303470135,
      "mae": 0.0486287958920002,
      "correlation": 0.9623582313462788,
      "r_squared": 0.926133365439938,
      "n_samples": 23958
    },
    "task_35": {
      "mse": 0.010576832108199596,
      "mae": 0.047793950885534286,
      "correlation": 0.9633320806306332,
      "r_squared": 0.9280086975721449,
      "n_samples": 23958
    },
    "task_36": {
      "mse": 0.03558458015322685,
      "mae": 0.11777061969041824,
      "correlation": 0.713116929274975,
      "r_squared": 0.5085357548185697,
      "n_samples": 23958
    },
    "task_37": {
      "mse": 0.030096976086497307,
      "mae": 0.10125026851892471,
      "correlation": 0.7460398813295451,
      "r_squared": 0.5565755045342018,
      "n_samples": 23958
    },
    "task_38": {
      "mse": 0.021738560870289803,
      "mae": 0.09022150933742523,
      "correlation": 0.3062351147768694,
      "r_squared": 0.09377994552240236,
      "n_samples": 23958
    },
    "task_39": {
      "mse": 0.020975738763809204,